"","A","B","C","D","E","F","G","H","I","J","K","L","M"
"1",19.9765032551207,-65.9076229841462,6.63103154866372,-176.925927155583,0.750077096783821,0.721398591532737,0.805290803382771,0.799055469166961,0.98998912099867,0.86301849735547,0.819024381361642,1.11602201145169,0.505836575875486
"2",-11.7067479326993,-3.48784202859183,-16.9105205495425,-63.5925929894283,1.05010793549735,1.10349530314965,0.80949049466508,0.938365378666899,1.0057032340304,0.94513963464708,1.12438318250514,1.09324605203431,0.505836575875486
"3",-37.2471684970157,38.2699740318823,-5.29729442628379,87.5185191360162,0.760422987773942,0.687774080910448,0.819464761460564,0.891474371946763,0.848562103713146,0.969029420041003,0.861632586172363,0.973154629651751,1.51750972762646
"4",6.18565683313112,54.3088055935109,-43.0647587537249,351.962965427615,0.967340807576376,1.40917267244319,1.01685025172909,1.03759983474905,0.921418445951143,1.00337098654477,1.18829548972123,1.12844526204299,1.51750972762646
"5",-10.630611980082,8.36174242795798,-12.4709916796119,87.5185191360162,0.99320553505168,0.785590839084379,1.1252547829537,0.943545199176681,0.871418995395655,0.985453647499325,0.97525446566762,1.00007167259957,1.51750972762646
"6",-20.3098862194327,-61.2844896506946,-23.2381893408992,11.962963073294,0.861295424927629,0.996508223896916,1.05412251185958,0.884386196512324,1.25855759826815,1.21688594350295,1.15278865237896,0.815793455495297,0.505836575875486
"7",-50.1598850547822,43.7608799898434,-23.1190703631405,200.851853302171,0.731971787551108,0.537992169956617,1.0832578701306,0.93918324506318,1.02284590279228,0.885415171162273,0.80245452393525,0.9793662549474,1.51750972762646
"8",-13.4701249902012,-35.1316187976533,7.79364344598597,125.296297239448,1.25702575529978,0.953713392195822,0.892696878195829,1.08776230705431,1.03570290436369,1.00635720971901,1.11018044756824,0.911038376695256,1.51750972762646
"9",-2.10554265587072,-23.7159206533582,-0.800536243916512,-176.925927155583,0.856122479432568,1.00567854497572,0.739670627096691,0.809415110186526,0.872847551125812,0.901839398620595,1.00129281305195,0.879980250217009,0.505836575875486
"10",-23.1162930594735,44.628652572412,-7.09948773914672,-63.5925929894283,1.23116102782448,1.03624628190508,1.14389091301894,1.11856860798091,0.98998912099867,0.876456501639551,0.9018736684936,1.07047009261693,1.51750972762646
"11",34.2114612812447,-46.1134306716345,-2.76094319009769,-25.8148150301382,0.654377605125195,0.577730227964777,0.686912005362683,0.723811760709069,0.817133877649696,0.804787145457782,0.68173127697154,0.822005080790947,1.51750972762646
"12",-36.3355276940965,39.1377466144509,-17.0179201802336,200.851853302171,0.711280005570864,0.644979249209354,1.09139477199008,1.15073801956798,1.16284436434764,0.982467424325085,1.07704073271545,0.772312078425751,1.51750972762646
"13",19.9449329928393,-40.1886384433596,-1.0252951526256,11.962963073294,0.716452951065925,0.920088881573533,0.986140009227206,0.970807412386062,1.10570213514137,0.759993797844177,1.0391667728837,0.921391085521339,0.505836575875486
"14",-17.002271781972,-13.1679950496908,-17.5270384124494,49.740741032584,1.04752146274982,0.712228270453931,1.05622235750074,1.10357439071575,1.15998725288733,1.19000993493479,0.672262787013602,1.23611343383425,0.505836575875486
"15",4.3492569017158,18.4757817193707,-9.56518225159229,-139.148149196293,0.887160152402933,0.644979249209354,1.08063306307916,1.49451452813827,1.30569993736333,1.19747549287039,1.15042152988947,1.0166360067213,1.51750972762646
"16",-34.488999494266,27.7220484701558,-14.5755646862755,200.851853302171,1.28030401002756,1.35415074597035,1.05228514692357,1.02860330438995,1.21141525917298,1.10340946288182,0.94921611828329,1.08910496850387,0.505836575875486
"17",-19.8918345121244,18.9096680316255,-4.21377710609369,87.5185191360162,1.08373208121524,1.25022044041055,1.02787444134515,1.12565678341535,1.02284590279228,1.15865459160527,0.968153098199166,1.08496388497344,1.51750972762646
"18",-49.3535387724058,7.06008357507565,-20.7185685436107,49.740741032584,1.05528088099241,1.5314436201606,1.0328615747429,1.26060473880178,1.01284601268118,1.0795196774879,1.0083941805204,1.00421275613,1.51750972762646
"19",-19.9372232772672,33.6468406984307,-26.4483738116027,163.074075198738,1.10959680869055,1.27467462995403,1.20216162956098,1.29440988318142,1.04570279447479,1.01083654448037,0.9018736684936,1.03734142437346,1.51750972762646
"20",-28.0078306292502,-61.7183759210084,47.0373963331919,-139.148149196293,0.765595933269003,0.923145655266468,1.02000002019082,0.964264481215811,1.13427324974451,1.21389972032871,1.07230648773648,1.07875225967779,0.505836575875486
"21",1.25434495277372,49.2517859478046,-3.00872740291883,11.962963073294,1.13028859067079,0.950656618502886,1.19507465052208,1.20935177796815,1.32141405039505,1.2870621880976,1.08177497769442,0.882050791982225,1.51750972762646
"22",-41.5330351729718,49.6856722181184,-19.1742847452436,87.5185191360162,1.19495040935905,1.06987079252736,1.40400929181696,1.45880102883398,1.12998758255404,1.19747549287039,1.21670095959504,1.03320034084303,1.51750972762646
"23",11.6662408541203,-30.0745991519469,4.16373166926279,-63.5925929894283,0.93371666185848,0.748909554769155,1.0097632726902,1.27369060114229,0.995703343919298,0.892880729097873,0.92317777089896,0.971084087886534,1.51750972762646
"24",-52.2274680992958,6.1923109925071,-26.9522723445508,49.740741032584,1.08114560846771,1.00262177128279,1.05674731891103,1.10548274564041,1.03284579290337,1.01083654448037,1.15042152988947,0.971084087886534,1.51750972762646
"25",0.24153698167646,27.2881621579011,-40.3799743754716,49.740741032584,0.876814261412811,0.898691465722986,0.976428223136867,0.984165896858659,0.778562872935462,0.836142488787306,0.866366831151332,0.948308128469153,1.51750972762646
"26",32.9475438323136,-3.05395575827805,4.15330110613591,-214.703705259015,0.843190115694916,0.929259202652339,0.726809072544619,0.917646096627769,0.971417896506632,0.78537669482522,0.852164096214425,1.02284763201695,0.505836575875486
"27",-42.1171864989805,40.0055191970194,-33.5140256844468,87.5185191360162,1.22857455507695,1.48559201476657,1.13312920410802,1.23824972397009,1.1214162481731,1.28855529968472,0.932646260856898,1.06218792555606,1.51750972762646
"28",12.0584462746018,-38.8869795904773,2.95063635128694,-25.8148150301382,0.985446116809089,0.907861786801792,1.14651572007039,1.00624828955826,1.11713058098263,1.10639568605606,1.10544620258927,1.10773984439082,0.505836575875486
"29",-0.480251366130296,23.532801365077,-12.4647108133564,-176.925927155583,0.625926404902361,0.651092796595224,1.18930007500891,0.997251759199162,0.941418226173339,1.00934343289325,1.02496403794679,0.927602710816988,1.51750972762646
"30",29.6964999936447,29.0237073230382,-21.1519881319475,-101.37037109286,1.22081513683436,0.907861786801792,1.08640763859234,1.09403261609246,1.07427390907792,1.12729924827574,1.24984067444782,1.14915067969515,1.51750972762646
"31",64.2095506701776,-8.11097540398441,35.3187629829891,-214.703705259015,0.99320553505168,1.323583009041,1.03653630461492,1.110117321886,0.914275667300359,0.988439870673566,1.069939365247,1.07461117614736,0.505836575875486
"32",-37.645399779526,25.9865033050187,-36.4701570861096,238.629631261461,0.786287715249246,0.779477291698508,0.902408664286169,0.854670384114099,1.0285601257129,1.03920566463565,0.892405178535662,0.755747744304019,1.51750972762646
"33",-58.8732725357269,64.4228448849236,-27.7857007489925,87.5185191360162,1.14063448166091,0.819215349706667,1.14572827795495,0.987164740311691,1.0685596861573,0.988439870673566,1.10544620258927,1.10566930262561,1.51750972762646
"34",-52.4846767883821,11.6832169085272,-45.5268201155854,163.074075198738,1.18719099111646,1.15546045592955,1.38799796880316,1.35329626371368,1.26141470972846,1.24525506365824,1.09124346765236,1.03320034084303,1.51750972762646
"35",8.38909145139075,-28.7729402990646,24.6524438471723,-63.5925929894283,1.06562677198253,0.721398591532737,1.12840455141543,1.16927632455036,1.20427248052219,1.28855529968472,1.11728181503669,1.14086851263429,0.505836575875486
"36",-51.9931373670173,44.628652572412,-26.8161412275317,163.074075198738,0.827671279209733,1.04541660298388,1.10688113359359,0.78324338550552,0.975703563697102,0.915277402904676,0.987090078115042,0.950378670234369,1.51750972762646
"37",29.13284653669,-40.1886384433596,37.6571516510842,-176.925927155583,1.0035514260418,0.776420518005573,1.0441482450641,0.870209845643446,0.877133218316282,0.901839398620595,0.854531218703909,1.20091422382556,0.505836575875486
"38",20.3629956441898,-3.48784202859183,-4.99925984105215,49.740741032584,0.760422987773942,0.550219264728359,0.866186326976253,0.740714332898885,0.984274898078043,1.0720541195523,0.956317485751743,0.904826751399607,0.505836575875486
"39",-3.20928081054742,2.43695019968308,-1.04567947280708,-139.148149196293,0.594888731931996,0.727512138918608,0.825501817678883,1.01579006418154,0.892847331348007,0.928715407188758,1.07940785520494,0.892403500808308,1.51750972762646
"40",83.5993778650965,-45.245658089066,44.9792300667384,-328.037039281027,0.618166986659769,0.718341817839802,0.768018543252277,0.825227193847967,0.902847221459105,0.773431802128258,0.830859993809064,0.906897293164823,0.505836575875486
"41",59.8764112444118,-3.05395575827805,35.1891580199955,-176.925927155583,0.763009460521473,0.825328897092538,0.880097804348901,0.819229506941903,0.867133328205185,0.86301849735547,1.00129281305195,0.842710498443112,0.505836575875486
"42",-38.3646932478428,22.6650288244495,-34.4908170451596,125.296297239448,0.739731205793699,0.666376665059901,1.16226456237904,1.16982156881454,1.08427379918902,0.982467424325085,1.0083941805204,0.981436796712617,1.51750972762646
"43",-20.2414656371249,1.13529134680075,-20.6421531224338,276.407409364893,1.18977746386399,0.944543071117016,1.09086981057979,1.09757670380968,1.03998857155416,0.870484055291071,0.82849287131958,1.44730869388633,0.505836575875486
"44",43.92428979287,-40.1886384433596,11.1850028260944,-176.925927155583,1.19236393661152,0.947599844809951,0.908445720504488,0.858759716095506,1.09998791222074,1.21837905509007,1.26641053187421,1.14500959616472,0.505836575875486
"45",28.642782066417,39.1377466144509,-3.30649057664005,49.740741032584,0.822498333714672,0.803931481241991,1.09953167384955,1.05695600612771,0.817133877649696,0.818225149741864,1.19302973470019,1.14915067969515,1.51750972762646
"46",-9.451963466341,-3.05395575827805,-2.9089298571704,11.962963073294,0.936303134606011,1.86463195269055,0.881147727169479,0.910012676929142,1.12998758255404,1.21389972032871,0.930279138367414,1.0290592573126,1.51750972762646
"47",-6.49902724837578,32.3451818036074,-10.0953424873213,314.185187324183,1.360484665201,0.993451450203981,0.930231619031466,1.03896294540952,1.12855902682388,1.01382276765461,1.27114477685318,1.12223363674734,1.51750972762646
"48",-39.5603330307811,33.6468406984307,-46.0554877410012,200.851853302171,1.29323637376521,1.43974040937254,1.13549153045432,1.00924713301129,0.869990439665498,0.888401394336513,1.19302973470019,1.07668171791258,1.51750972762646
"49",4.63185500410486,38.7038603441371,-8.48494225598931,-25.8148150301382,1.30616873750286,1.45808105153015,1.53078747240167,1.44380681156882,1.00427467830024,1.12879235986286,1.04153389537319,1.10152821909517,0.505836575875486
"50",-7.94416262505052,-34.6977325273395,24.6741366110347,-176.925927155583,0.688001750843091,0.687774080910448,1.08168298589974,0.99779700346335,1.00998890122087,1.19000993493479,0.887670933556693,0.747465577243153,0.505836575875486
"51",-15.4732512476715,38.7038603441371,-11.4516846773047,87.5185191360162,1.08114560846771,1.25327721410348,0.960416900123063,0.899925658041671,0.925704113141614,1.17806504223783,0.894772301025146,1.11809255321691,1.51750972762646
"52",-66.392937533352,44.1947662601572,-36.1873847320193,276.407409364893,0.794047133491838,0.644979249209354,1.02472467288342,1.15728095073823,1.111416358062,0.916770514491796,0.65569292958721,0.739183410182287,1.51750972762646
"53",-63.6363101920685,10.3815580556449,-35.7428454186906,200.851853302171,0.918197825373298,1.00873531866866,0.948342787686424,0.967263324668843,1.06713113042714,1.06010922685533,0.906607913472569,0.875839166686576,1.51750972762646
"54",-6.2209683081727,-3.92172829890561,-0.875051822768991,-101.37037109286,1.12770211792326,0.880350823565374,1.19139992065006,1.17472876719223,0.834276546411578,0.843608046722907,0.809555891403704,0.886191875512658,0.505836575875486
"55",-8.62635639402756,49.2517859478046,-15.9374968594658,87.5185191360162,0.913024879878237,0.79781793385612,0.933643868198343,0.848945319340129,0.994274788189141,0.924236072427397,1.19539685718968,0.962801920825668,1.51750972762646
"56",7.07770269070883,-25.0175795062406,1.48987653836307,-101.37037109286,0.975100225818967,1.14934690854368,0.881410207874623,0.996161270670787,1.10570213514137,1.07653345431366,1.05810375279958,1.00421275613,0.505836575875486
"57",-19.6290362742189,23.0989150947633,-18.9193576592321,87.5185191360162,0.700934114580743,0.892577918337115,0.98272776006033,0.854943006246192,0.919989890220987,0.70773489229497,0.918443525919991,1.05597630026041,0.505836575875486
"58",-1.09751002904543,29.4575935933519,-38.4175191827016,163.074075198738,0.889746625150463,0.898691465722986,1.01527536749823,1.08230986441243,1.16855858726827,1.19000993493479,0.977621588157104,1.15950338852123,0.505836575875486
"59",6.7302196156274,-24.149806923672,-1.26581226105768,11.962963073294,1.16132626364116,0.761136649540896,1.20951108930502,1.101393413659,1.22284370501423,1.05562989209397,0.977621588157104,1.14500959616472,0.505836575875486
"60",15.9692076361634,1.56917761711452,-30.8411512073965,49.740741032584,0.856122479432568,0.920088881573533,1.05805972243675,0.860122826755975,1.07284535334777,0.994412317022046,1.27351189934267,1.00835383966043,1.51750972762646
"61",-21.0064946196845,33.6468406984307,-23.9506928253787,11.962963073294,1.02941615351711,0.712228270453931,0.931019061146899,1.12102220716975,1.01713167987165,0.822704484503225,0.785884666508858,0.969013546121318,1.51750972762646
"62",40.7418809109815,-50.7365640470271,4.89204020790448,49.740741032584,1.07597266297265,1.27773140364697,1.07170871910425,0.928550981911522,0.881418885506753,0.901839398620595,1.20486534714762,1.04769413319954,0.505836575875486
"63",-15.4955546020312,44.628652572412,-7.5969801036821,-25.8148150301382,1.02424320802204,1.08821143468498,0.838625852936099,0.82113786186656,0.79284843023703,0.806280257044902,1.01786267047834,1.11188092792126,1.51750972762646
"64",59.817266381589,NA,94.2253165491475,-176.925927155583,0.752663569531351,1.02707596082627,1.02839940275544,1.02069726255923,1.01427456841134,0.924236072427397,1.1456872849105,0.948308128469153,0.505836575875486
"65",54.226534278072,-71.3985289421073,34.647768859745,-290.259261321737,0.760422987773942,0.571616680578906,0.684812159721528,0.734989268124915,0.758563092713267,0.703255557533609,0.821391503851126,0.871698083156143,0.505836575875486
"66",5.51765599810449,49.2517859478046,-28.8605730617971,11.962963073294,0.817325388219612,0.721398591532737,0.94440557710926,0.952814351667871,0.944275337633652,0.839128711961547,1.05810375279958,0.882050791982225,1.51750972762646
"67",4.56871451977748,-40.6225247556144,2.71688693629528,11.962963073294,1.0966644449529,1.04235982929095,1.28720537802774,1.3260340505043,1.00998890122087,1.05861611526821,1.0391667728837,1.00835383966043,0.505836575875486
"68",-0.182476613296707,7.06008357507565,-20.226451358584,-25.8148150301382,0.80697949722949,1.11877917161433,0.859886790052789,0.888748150625825,0.828562323490951,0.892880729097873,0.963418853220197,0.904826751399607,0.505836575875486
"69",49.4356382003313,-44.8117718187522,58.8262428772768,-214.703705259015,0.827671279209733,0.614411512280001,1.10163151949071,1.13492593590654,1.10713069087153,0.989932982260686,1.01786267047834,1.00835383966043,0.505836575875486
"70",-9.30992170899223,-30.9423717345155,-11.3045787589425,49.740741032584,0.949235498343663,1.1768578717801,1.16541433084078,1.24070332315894,0.872847551125812,1.08549212383638,0.956317485751743,1.26924210207771,1.51750972762646
"71",-24.3890945357929,-3.92172829890561,-25.15044484055,49.740741032584,1.13287506341832,1.47030814630189,1.07459600686084,1.0264223273332,1.10998780233184,1.21688594350295,0.979988710646589,1.17813826440818,1.51750972762646
"72",-57.9317948941427,43.7608799898434,-39.326396965406,314.185187324183,0.892333097897994,0.929259202652339,1.05700979961617,0.944635687705056,0.874276106855969,0.916770514491796,0.965785975709682,1.17813826440818,1.51750972762646
"73",10.9250045813029,-25.0175795062406,8.60749813116789,-25.8148150301382,1.24667986430966,1.39388880397851,1.02708699922972,1.04168916673045,0.984274898078043,1.04517811098413,1.16935850980535,1.12430417851255,0.505836575875486
"74",-15.5586950863585,-50.3026777767133,0.715760078367862,-25.8148150301382,0.752663569531351,0.923145655266468,1.04204839942295,1.11311616533903,0.842847880792519,0.988439870673566,0.987090078115042,1.00421275613,0.505836575875486
"75",-6.89344111218537,-50.3026777767133,-35.662249128097,125.296297239448,1.17167215463128,1.04541660298388,1.15360269910928,1.0880349291864,1.10427357941122,1.22435150143856,1.03679965039422,0.956590295530019,0.505836575875486
"76",5.83354917600536,-60.416717068126,42.8334082477696,-214.703705259015,0.913024879878237,1.03930305559801,0.817889877229698,0.881114730927198,0.671421193173701,0.818225149741864,0.908975035962053,0.964872462590885,0.505836575875486
"77",47.3266150171749,-65.9076229841462,49.7426645160318,-214.703705259015,1.00096495329427,1.16157400331542,0.73599589722467,0.880569486663011,0.854276326633773,0.770445578954018,0.87583532110927,0.730901243121421,0.505836575875486
"78",39.6432510086824,-40.6225247556144,39.8717216308062,-176.925927155583,1.07079971747759,1.1768578717801,1.40164696547066,1.30858623405029,1.50141207239481,1.51401514933987,1.29481600174803,1.27545372737336,0.505836575875486
"79",-32.9790436825591,14.4090216386068,8.60171923851204,NA,1.98641107010336,2.01747063733732,1.39455998643177,1.36829048097884,1.63998197822002,1.46175624379067,1.08414210018391,1.19056151499948,0.505836575875486
"80",32.3840496272663,-30.0745991519469,24.5257590440696,-139.148149196293,0.618166986659769,0.831442444478409,0.704498212607352,0.778608809259925,0.888561664157537,0.889894505923633,0.92317777089896,0.838569414912679,0.505836575875486
"81",NA,NA,26.6957177839384,-139.148149196293,0.936303134606011,1.16768755070129,1.05858468384704,1.05477502907096,1.2471291524269,1.1243130251015,0.942114750814836,1.12016309498212,0.505836575875486
"82",40.1986236078655,-51.6043366295957,25.5992256089539,-176.925927155583,1.15356684539857,1.33581010381274,0.795579017292431,0.864212158737382,0.979989230887573,0.828676930851705,1.2072324696371,1.00628329789521,0.505836575875486
"83",-25.3743773154803,-19.9605598605342,7.61192089424653,11.962963073294,0.863881897675159,0.822272123399603,0.919994871530838,0.944635687705056,0.917132778760673,0.977988089563724,1.09124346765236,0.975225171416967,0.505836575875486
"84",44.2169565749742,-55.7935836927335,47.2628286071266,-176.925927155583,1.15873979089363,0.862010181407762,1.03548638179434,0.937547512270617,1.05713124031604,0.964550085279643,0.863999708661847,1.00628329789521,0.505836575875486
"85",6.30013746881395,-39.3208658607911,10.3601683672616,-25.8148150301382,0.700934114580743,0.855896634021891,0.896371608067849,0.984438518990753,1.01856023560181,1.17657193065071,0.937380505835867,1.05183521672998,0.505836575875486
"86",16.7521258626724,-8.97874798655296,-18.6483736142941,-25.8148150301382,0.884573679655402,0.721398591532737,0.945455499929837,0.765522946919422,0.834276546411578,0.842114935135787,0.958684608241228,0.90275620963439,0.505836575875486
"87",15.1827019767805,-14.0357676322593,24.8121539539044,-63.5925929894283,1.40445470190902,1.28690172472577,1.33051469437655,1.24697363219709,1.07855957626839,1.09594390494622,1.17172563229483,0.94416704493872,0.505836575875486
"88",NA,NA,NA,NA,0.920784298120828,0.868123728793633,1.13601649186461,1.05368454054258,1.22284370501423,1.24674817524536,0.987090078115042,0.964872462590885,0.505836575875486
"89",-11.8706708136053,-3.48784202859183,-14.4497415458711,49.740741032584,1.06562677198253,0.580787001657712,1.01133815692106,1.19163133938205,0.834276546411578,0.873470278465311,0.733807971740199,0.983507338477833,0.505836575875486
"90",16.3069697462804,-45.6795444013208,25.3444712150181,-101.37037109286,0.788874187996777,1.1768578717801,0.784554827676369,0.845128609490815,0.834276546411578,0.824197596090345,1.1456872849105,0.882050791982225,0.505836575875486
"91",NA,NA,NA,NA,1.11994269968067,0.819215349706667,0.897946492298715,0.844855987358721,0.881418885506753,0.900346287033474,1.04390101786267,1.04976467496476,0.505836575875486
"92",24.8539753970851,39.5716329267057,-18.1365046631388,-25.8148150301382,0.876814261412811,0.968997260660498,1.02236234653712,0.974078877971188,0.911418555840046,1.06757478479094,0.856898341193394,1.03941196613868,0.505836575875486
"93",51.1154216865068,-60.416717068126,45.5765421611648,-290.259261321737,1.08373208121524,0.907861786801792,1.28799282014317,1.06295369303377,0.85570488236393,1.02427454876445,1.02022979296783,1.05390575849519,0.505836575875486
"94",NA,NA,NA,NA,1.32944699223063,1.2196527034812,0.880885246464334,0.942454710648306,0.884275996967066,1.12580613668862,1.26404340938473,1.01042438142565,0.505836575875486
"95",41.4492511672649,-25.4514657765543,57.4698339053744,-139.148149196293,1.1483938999035,0.816158576013732,1.00845086916447,0.981167053405627,1.02570301425259,0.910798068143316,0.752744951656075,0.987648422008266,0.505836575875486
"96",-15.0775028947228,-19.9605598605342,-12.0430702015327,163.074075198738,1.6243048854491,1.3755481618209,1.0234122693577,1.2289805714789,0.89141877561785,0.933194741950119,1.07704073271545,1.25060722619076,0.505836575875486
"97",10.3739484813306,-19.0927872779657,13.82152701727,49.740741032584,0.99320553505168,1.26550430887522,1.00897583057476,0.949542886082745,1.13855891693498,1.14670969890831,1.23327081702143,1.12844526204299,0.505836575875486
"98",-10.8785612048047,-29.6407128816331,6.1410817161226,-25.8148150301382,1.45101121136456,1.80655325252478,1.06462174006536,1.3437544890904,1.15570158569686,1.68721609344581,1.30665161419545,1.16985609734732,0.505836575875486
"99",75.639111202736,-82.3803408160885,58.0120978093177,-252.481483218305,0.711280005570864,1.03930305559801,1.07879569814315,1.11775074158463,1.19427259041109,1.09594390494622,1.02259691545731,0.728830701356205,0.505836575875486
"100",-19.6620225024237,18.0418954490569,3.89664285378097,87.5185191360162,1.09149149945784,1.09738175576378,1.30216677822097,1.05177618561792,0.929989780332084,0.991426093847806,1.04153389537319,1.15950338852123,0.505836575875486
"101",6.67830602865191,-8.54486167429818,13.7114167520902,87.5185191360162,0.941476080101071,0.877294049872439,0.830488951076625,0.776427832203175,0.799991208887814,0.777911136889619,0.878202443598755,1.01042438142565,0.505836575875486
"102",-69.9556212203659,2.0030639293693,11.5363754339042,163.074075198738,1.32168757398804,2.03275450580199,1.02288730794741,1.07222284552496,1.09570224503027,1.07354723113942,1.10544620258927,1.12016309498212,0.505836575875486
"103",61.7782752975733,-40.1886384433596,37.182075865437,-176.925927155583,0.915611352625767,1.02401918713333,0.982990240765474,1.09185163903571,1.03141723717322,1.04965744574549,0.982355833136073,0.886191875512658,0.505836575875486
"104",11.854557160023,-18.6589009657109,-10.2146395884458,-101.37037109286,0.654377605125195,1.14934690854368,0.926031927749157,0.962356126291154,1.09284513356996,1.24525506365824,0.842695606256487,0.850992665503978,0.505836575875486
"105",12.0100777928077,-23.2820343411035,2.03674617630271,-252.481483218305,1.07338619022512,1.08209788729911,1.11554299686336,1.08612657426174,1.08570235491918,1.24525506365824,0.873468198619786,1.01870654848651,0.505836575875486
"106",58.3359891909104,-55.7935836927335,67.1495788178191,-176.925927155583,0.93113018911095,0.910918560494727,0.964091629995083,0.932367691760835,0.854276326633773,0.975001866389484,0.676997031992571,0.7909469543127,0.505836575875486
"107",35.3211514659011,-7.67708909172963,65.9578524134719,-101.37037109286,1.36307113794853,1.84934808422587,1.23995885110176,1.11038994401809,1.15855869715717,1.1168474671659,1.4368433511171,1.18434988970383,0.505836575875486
"108",-14.5862659232287,3.30472278225163,19.6553717833163,11.962963073294,0.765595933269003,0.871180502486568,0.947030384160703,0.860395448888069,0.894275887078164,0.939167188298599,0.998925690562465,0.803370204903999,0.505836575875486
"109",-8.37071374908971,-18.2250146953971,-17.5759429723732,49.740741032584,1.09149149945784,1.05153015036975,0.856999502296201,0.943817821308775,0.897132998538478,0.870484055291071,0.977621588157104,1.02284763201695,0.505836575875486
"110",71.3059718172056,-51.1704503173409,56.6346899017376,-252.481483218305,0.822498333714672,0.761136649540896,0.9055584327479,0.785424362562271,0.965703673586005,0.906318733381955,0.745643584187622,0.807511288434432,0.505836575875486
"111",-25.897551295374,38.7038603441371,-7.10680839146624,238.629631261461,0.827671279209733,0.66026311767403,0.940205885826951,0.93345818028921,0.94998956055428,1.11087502081742,0.977621588157104,1.00835383966043,0.505836575875486
"112",2.99411683796153,34.0807269687445,-11.9719267653528,-139.148149196293,1.1561533181461,1.00567854497572,0.891121993964963,1.17881809917364,1.11284491379216,0.883922059575152,1.19066261221071,1.06839955085171,0.505836575875486
"113",42.8459569444985,6.1923109925071,45.8707122687518,-214.703705259015,1.19753688210658,1.29607204580458,1.04939785916699,1.11638763092416,0.931418336062241,0.980974312737965,0.908975035962053,0.998001130834349,0.505836575875486
"114",9.59090918635532,2.87083646999685,31.418741637281,-63.5925929894283,0.848363061189977,1.20742560870945,0.916845103069106,0.676102887592652,0.597136295205547,0.670407102616965,1.18119412225277,1.05597630026041,0.505836575875486
"115",43.569378569889,-65.9076229841462,72.48249225649,-176.925927155583,0.954408443838724,1.24410689302468,0.833901200243501,0.9427273327804,0.854276326633773,0.973508754802364,0.660427174566179,0.846851581973545,0.505836575875486
"116",6.50665902788303,-40.1886384433596,22.6343200346476,-176.925927155583,0.894919570645524,0.950656618502886,0.738620704276113,0.725447493501632,0.894275887078164,1.00785032130613,1.00602705803092,0.890332959043091,0.505836575875486
"117",27.1044946241947,-19.0927872779657,27.0714633825245,-176.925927155583,0.845776588442446,0.88952114464418,1.01895009737025,1.06949662420402,0.894275887078164,0.843608046722907,1.09361059014185,1.04148250790389,0.505836575875486
"118",51.5639987012489,12.5509894910958,78.9163352723976,-176.925927155583,0.822498333714672,0.910918560494727,0.970391166918547,0.811596087243276,0.94998956055428,0.871977166878191,0.894772301025146,1.08910496850387,0.505836575875486
"119",46.6943930321662,-66.7753955667147,23.7948404645514,238.629631261461,1.0371755717597,1.31746946165513,1.12630470577427,1.04986783069327,0.9228470016813,0.918263626078917,1.15042152988947,1.06632900908649,0.505836575875486
"120",47.2207215517373,-71.8324152124211,71.9378029755334,-214.703705259015,1.11218328143808,1.07598433991323,0.86723624979683,0.695459058971313,0.88713310842738,0.833156265613066,0.970520220688651,0.925532169051771,0.505836575875486
"121",20.6455409979051,-18.2250146953971,-26.4298977101719,-101.37037109286,0.794047133491838,0.93537275003821,0.718409689980001,0.794966137185554,0.818562433379853,0.815238926567624,0.847429851235456,0.732971784886638,0.505836575875486
"122",17.3415382150586,1.56917761711452,9.99306047059332,-139.148149196293,0.910438407130706,0.709171496760996,0.972753493264846,0.950905996743214,1.07284535334777,0.886908282749393,0.887670933556693,0.929673252582204,0.505836575875486
"123",-8.56749008121863,-19.5266735482794,11.8792907963219,-63.5925929894283,0.967340807576376,1.13711981377194,0.902671144991313,0.79469351505346,0.937132558982868,0.846594269897148,0.861632586172363,0.975225171416967,0.505836575875486
"124",8.73172120589992,23.9666876773318,2.27763647556162,11.962963073294,0.781114769754186,1.00873531866866,0.78822955754839,0.977895587820501,1.08141668772871,1.1243130251015,0.942114750814836,0.896544584338741,0.505836575875486
"125",13.5615989156393,-3.48784202859183,-4.71801115507469,49.740741032584,0.892333097897994,1.0301327345192,0.999001563779278,0.966445458272561,0.827133767760794,0.770445578954018,0.984722955625558,1.11188092792126,0.505836575875486
"126",51.1265312975246,-3.05395575827805,36.5870343945049,-176.925927155583,0.724212369308517,0.874237276179503,0.879572842938613,0.756253794428233,0.78856276304656,0.966043196866763,0.904240790983084,0.780594245486617,0.505836575875486
"127",38.9166579044904,-39.7547521730459,-17.470009025036,49.740741032584,0.801806551734429,1.09432498207085,1.22132272103652,1.22107452964818,1.12427335963341,1.02427454876445,1.19066261221071,1.11188092792126,0.505836575875486
"128",43.9161875402569,-50.7365640470271,41.642851712709,-176.925927155583,1.00096495329427,1.24105011933174,0.979577991598598,0.823864083187498,0.852847770903616,0.982467424325085,1.07704073271545,0.931743794347421,0.505836575875486
"129",25.2855567972015,7.49396984538943,6.03833677753577,-63.5925929894283,1.12770211792326,0.904805013108857,0.897421530888426,0.897199436720733,0.884275996967066,0.928715407188758,0.956317485751743,0.987648422008266,0.505836575875486
"130",31.8777438363311,-40.1886384433596,43.4538589384295,-214.703705259015,0.664723496115317,0.810045028627861,0.842038102102975,0.925824760590583,0.901418665728948,0.982467424325085,0.800087401445766,0.809581830199648,0.505836575875486
"131",-2.80151694544528,2.0030639293693,-0.721705887572678,87.5185191360162,1.07597266297265,0.858953407714827,0.875898113066592,1.12729251620791,1.03570290436369,0.982467424325085,0.956317485751743,0.915179460225689,0.505836575875486
"132",-0.321443658099027,-13.6018813200045,-5.66416170150167,11.962963073294,0.654377605125195,0.577730227964777,0.686912005362683,0.723811760709069,0.817133877649696,0.804787145457782,0.68173127697154,0.822005080790947,0.505836575875486
"133",47.5305162828593,-35.5655051099081,29.0179137873518,-101.37037109286,0.690588223590621,0.675546986138707,0.687174486067827,0.602222289795229,0.774277205744992,0.916770514491796,1.02496403794679,0.90275620963439,0.505836575875486
"134",49.4781752780219,-65.9076229841462,76.8126268735683,-139.148149196293,0.763009460521473,0.886464370951245,0.898996415119292,0.882477841587667,0.895704442808321,0.883922059575152,0.9018736684936,0.98557788024305,0.505836575875486
"135",-24.018473421961,23.532801365077,-37.7162159363523,-25.8148150301382,0.905265461635646,0.721398591532737,1.00477613929245,1.05940960531655,0.88284744123691,0.877949613226672,1.15752289735793,1.07668171791258,0.505836575875486
"136",11.6706769330858,-50.3026777767133,25.4692718194418,-139.148149196293,0.775941824259125,0.568559906885971,0.915532699543384,0.735261890257009,0.768562982824365,0.924236072427397,0.904240790983084,0.911038376695256,0.505836575875486
"137",-11.1624151762653,-9.41263425686674,-16.1424192815706,276.407409364893,1.08631855396277,1.29607204580458,0.991652104035237,1.13574380230282,1.01713167987165,0.870484055291071,1.05573663031009,0.971084087886534,1.51750972762646
"138",-23.2071143256923,64.8567311552374,-14.6011470953099,125.296297239448,0.975100225818967,0.929259202652339,1.03916111166636,0.899380413777484,0.974275007966945,1.04667122257125,0.700668256887416,0.975225171416967,1.51750972762646
"139",-44.3139348707858,54.3088055935109,-38.3164069205146,125.296297239448,0.980273171314028,1.27467462995403,1.04204839942295,1.00161371331266,0.995703343919298,0.980974312737965,0.830859993809064,0.86134537433006,1.51750972762646
"140",-81.9092084024546,32.3451818036074,-48.1153815401885,163.074075198738,1.43807884762691,1.46419459891602,1.65021619324233,1.33775680218433,1.30284282590301,1.31841753142713,1.069939365247,1.15743284675602,1.51750972762646
"141",-3.32901643729049,48.8178996355498,-28.0058230188997,87.5185191360162,0.856122479432568,0.993451450203981,1.26331963385961,1.04305227739092,1.15570158569686,1.22883083619992,1.11964893752617,1.05390575849519,1.51750972762646
"142",-4.63747404550822,44.1947662601572,-20.9809607083599,125.296297239448,1.31134168299792,1.14629013485075,1.01133815692106,1.0176984191062,1.24284348523643,0.895866952272114,0.984722955625558,1.01249492319086,1.51750972762646
"143",2.36290142318199,44.1947662601572,-17.1029008223796,-63.5925929894283,0.737144733046169,0.5624463595001,0.751482258828185,0.891201749814669,0.854276326633773,0.752528239908576,0.880569566088239,0.940025961408287,1.51750972762646
"144",-41.8862957768905,49.2517859478046,-36.1674955772005,125.296297239448,1.28030401002756,0.617468285972936,1.30741639232385,1.31758276440939,0.848562103713146,0.94364652305996,0.977621588157104,1.10981038615604,1.51750972762646
"145",-12.821268584193,2.0030639293693,-8.72506880876569,-25.8148150301382,1.83898212349413,1.56812490447582,1.59220795740544,1.64009474667637,1.27855737849035,1.33036242412409,1.29718312423751,1.05804684202563,1.51750972762646
"146",2.30381594788202,28.1559347404696,-2.09414615364342,-176.925927155583,1.08631855396277,1.49781910953831,1.29245499213063,1.08939803984687,0.928561224601927,1.01830210241597,1.13385167246308,1.22576072500816,1.51750972762646
"147",10.6601866043254,-0.16636754802259,-7.52536062640033,87.5185191360162,1.11735622693314,0.895634692030051,1.10110655808042,1.14337722200144,0.872847551125812,1.00635720971901,1.24273930697937,1.15329176322559,1.51750972762646
"148",8.2103564532087,32.3451818036074,-1.29345309078769,-25.8148150301382,0.923370770868359,1.03624628190508,0.844400428449274,0.907559077740298,0.778562872935462,1.09893012812046,1.02259691545731,0.830287247851813,1.51750972762646
"149",NA,NA,NA,NA,0.923370770868359,1.06070047144856,0.803190957741616,0.736897623049572,0.957132339205064,0.921249849253157,0.916076403430507,0.813722913730081,1.51750972762646
"150",-18.9155434298872,75.8385430711597,-35.6237100705646,87.5185191360162,0.964754334828845,1.02401918713333,1.07380856474541,1.10820896696134,1.07141679761761,1.00187787495765,0.856898341193394,1.0290592573126,1.51750972762646
"151",-9.55668032654166,22.6650288244495,-21.823573500841,49.740741032584,1.44066532037444,1.57729522555463,1.1412661059675,1.16818583602198,1.22570081647454,1.31841753142713,0.897139423514631,0.780594245486617,1.51750972762646
"152",-67.8821183342317,70.7815233835123,-49.5329994684712,163.074075198738,1.53636481203307,1.19825528763065,0.975115819611145,1.15973454992707,0.934275447522555,1.05115055733261,0.866366831151332,1.04562359143433,1.51750972762646
"153",-16.4895092878195,32.7790681158622,-27.3829240403618,163.074075198738,1.00872437153686,0.950656618502886,0.935481233134353,0.81759377414934,0.94998956055428,0.858539162594109,1.12438318250514,0.971084087886534,1.51750972762646
"154",-42.7174491046799,12.117103220782,-4.60700465053303,-101.37037109286,0.99579200779921,0.810045028627861,1.06383429794992,0.914919875306831,0.952846672014593,1.08997145859774,1.02022979296783,1.03734142437346,1.51750972762646
"155",3.17272489330179,-20.8283324431028,-8.71329465156638,163.074075198738,1.20270982760164,1.23187979825294,0.900308818645014,1.07958364309149,0.944275337633652,0.874963390052431,1.09834483512081,1.02698871554738,1.51750972762646
"156",1.51541877980326,2.43695019968308,5.64368237199214,-25.8148150301382,1.16132626364116,0.79781793385612,1.03443645897376,0.88193259732348,0.927132668871771,0.891387617510753,1.00365993554143,0.991789505538699,1.51750972762646
"157",-43.3268585557211,54.7426918638247,-15.6639418636406,238.629631261461,0.856122479432568,0.767250196926767,0.946505422750414,1.12538416128325,0.948561004824123,0.972015643215243,0.916076403430507,1.10981038615604,1.51750972762646
"158",-5.74669238905356,23.9666876773318,22.3192113857988,125.296297239448,1.30358226475533,0.758079875847961,1.15990223603275,0.909467432664955,1.17712992164921,1.39605933395738,0.733807971740199,0.805440746669215,1.51750972762646
"159",-26.4023493433265,69.9137508428848,-43.6324700494207,200.851853302171,1.02424320802204,0.94148629742408,1.07170871910425,1.24806412072547,0.9857034538082,1.09146457018486,0.882936688577724,1.12223363674734,1.51750972762646
"160",-31.7219232482737,59.7997115095311,-40.8860926231316,276.407409364893,0.910438407130706,1.07598433991323,0.879047881528324,0.839948788981033,0.928561224601927,0.960070750518282,0.819024381361642,1.06632900908649,1.51750972762646
"161",-11.9562369278221,44.1947662601572,-20.3434200809463,125.296297239448,1.28030401002756,1.15546045592955,0.844400428449274,1.05395716267467,0.869990439665498,0.857046051006989,0.906607913472569,1.04976467496476,1.51750972762646
"162",-3.57869437808209,55.1765781760795,8.54548783000818,87.5185191360162,1.18460451836893,1.10043852945672,1.10819353711931,1.04468801018349,1.01713167987165,1.02726077193869,0.868733953640817,1.05597630026041,1.51750972762646
"163",-14.8553488980422,70.7815233835123,-21.6207205150061,163.074075198738,1.13804800891338,0.94148629742408,1.0559598767956,1.14228673347307,1.22141514928407,1.21240660874159,0.866366831151332,0.977295713182184,1.51750972762646
"164",-20.8925964725978,1.13529134680075,-27.6109134574674,125.296297239448,1.43290590213185,0.810045028627861,1.35886261053214,1.34947955386437,1.15713014142702,1.49759092188155,1.1622571423369,1.12844526204299,1.51750972762646
"165",35.0323112359445,-19.5266735482794,21.8646314912711,-25.8148150301382,0.646618186882604,0.693887628296319,0.804503361267338,0.610946198022231,0.675706860364172,0.78836291799946,1.01312842549937,0.898615126103957,1.51750972762646
"166",-26.487558287462,49.2517859478046,-36.9414755664701,163.074075198738,0.757836515026412,0.727512138918608,0.866973769091685,0.890383883418388,0.775705761475149,0.86600472052971,0.908975035962053,0.809581830199648,1.51750972762646
"167",-66.5067867541327,59.7997115095311,-32.815108380885,49.740741032584,1.39152233817136,1.50698943061712,1.18930007500891,1.3083136119182,1.31998549466489,1.29303463444608,1.0083941805204,0.94416704493872,1.51750972762646
"168",-104.99393107894,59.7997115095311,-56.5973981284998,238.629631261461,0.951821971091193,0.825328897092538,1.24599590732008,1.09321474969618,1.11570202525247,1.15118903366967,0.961051730730712,1.07461117614736,1.51750972762646
"169",-0.032109940359685,34.5146132809993,-23.169489564526,238.629631261461,0.977686698566497,0.968997260660498,0.964091629995083,0.913556764646362,0.8599905495544,0.975001866389484,0.963418853220197,1.21954909971251,1.51750972762646
"170",-10.3309396429998,61.9691429449819,-26.4944765908105,125.296297239448,1.40186822916149,1.18297141916597,1.16305200449448,1.23197941493193,1.06427401896682,0.948125857821321,0.927912015877929,1.08496388497344,1.51750972762646
"171",-35.9466479748928,17.1741228664884,-24.2396730292965,125.296297239448,0.959581389333784,0.871180502486568,1.14572827795495,0.97135265665025,1.19998681333172,1.00486409813189,1.09834483512081,1.26717156031249,1.51750972762646
"172",-21.6565511686674,49.2517859478046,-32.6869164712794,125.296297239448,0.949235498343663,0.965940486967563,0.965404033520805,0.851398918528973,0.774277205744992,0.918263626078917,0.660427174566179,0.948308128469153,1.51750972762646
"173",8.21709198808809,-25.0175795062406,2.96854729256021,-139.148149196293,1.07855913572018,0.984281129125175,0.93836852089094,1.06322631516586,1.06713113042714,0.94066029988572,0.911342158451538,0.774382620190968,1.51750972762646
"174",-15.2749700292767,-18.6589009657109,-16.0362304843329,-101.37037109286,0.879400734160341,1.19214174024478,1.01816265525481,0.978168209952595,1.00284612257008,0.836142488787306,1.15042152988947,0.817863997260514,1.51750972762646
"175",29.6522510987738,6.62619726282087,10.3784702466758,11.962963073294,1.03200262626464,1.15240368223662,1.04073599589722,1.05668338399561,1.3428423863474,1.04816433415837,1.42264061618019,1.13258634557342,1.51750972762646
"176",-16.6921869934978,-19.5266735482794,-13.4544599700229,-101.37037109286,1.1820180456214,1.38166170920677,1.24127125462748,1.07140497912868,1.16998714299843,1.00486409813189,0.852164096214425,0.998001130834349,1.51750972762646
"177",-24.2559967566517,28.5898210527244,-25.9166063729893,87.5185191360162,0.964754334828845,1.10043852945672,1.19769945757353,1.26278571585853,1.19284403468094,1.04219188780989,1.16699138731587,0.86134537433006,1.51750972762646
"178",41.1815384106692,30.9210359683512,37.3353057163698,-176.925927155583,0.773355351511594,1.04847337667682,0.939418443711518,0.854670384114099,1.03427434863353,1.07354723113942,0.873468198619786,0.960731379060452,1.51750972762646
"179",-2.19731090361868,-25.0175795062406,-3.15065783730439,-139.148149196293,0.894919570645524,0.972054034353434,1.08772004211806,0.963991859083717,1.08141668772871,1.19448926969615,1.12438318250514,0.962801920825668,1.51750972762646
"180",-4.01855257218968,39.1377466144509,-10.4506903787433,-25.8148150301382,0.99579200779921,1.08515466099204,0.897946492298715,1.20880653370396,0.914275667300359,1.07653345431366,1.07940785520494,1.10981038615604,1.51750972762646
"181",16.9824279803781,23.532801365077,1.05724708798887,49.740741032584,1.02941615351711,0.999564997589852,1.02367475006284,1.22298288457284,0.892847331348007,0.973508754802364,1.09834483512081,1.07668171791258,1.51750972762646
"182",5.27673481997593,17.6080091368021,-16.908797147649,-176.925927155583,1.10442386319549,0.959826939581692,0.931806503262332,1.01497219778526,1.08713091064933,0.976494977976604,0.918443525919991,1.12016309498212,1.51750972762646
"183",-4.42035780869837,12.5509894910958,-11.3344943430073,-101.37037109286,1.14322095440844,0.834499218171344,1.08614515788719,0.988800473104254,0.934275447522555,0.836142488787306,0.97525446566762,0.662573364869277,1.51750972762646
"184",-9.03645105845843,60.6674840920996,-21.3425775324986,-25.8148150301382,1.04234851725476,0.819215349706667,0.828914066845759,0.861758559548538,0.838562213602048,0.800307810696422,0.953950363262259,0.855133749034411,1.51750972762646
"185",-48.1727604354041,-3.48784202859183,-4.5025635812487,-25.8148150301382,1.29840931926027,0.871180502486568,0.855424618065335,0.981439675537721,1.23998637377611,1.12580613668862,1.09834483512081,0.975225171416967,1.51750972762646
"186",34.3650812718865,-14.4696539025731,52.3207043460262,-328.037039281027,1.07855913572018,0.865066955100697,0.910283085440498,0.948725019686463,0.915704223030516,0.973508754802364,1.08650922267339,0.975225171416967,1.51750972762646
"187",-7.18616044178606,36.968315179,-22.5351794072604,276.407409364893,0.698347641833212,0.932315976345274,0.870386018258562,0.862303803812725,1.05998835177635,1.1392441409727,1.02259691545731,1.01249492319086,1.51750972762646
"188",-19.9964958474053,60.2335978217858,-22.101957257793,276.407409364893,1.3009957920078,1.39083203028557,1.13759137609548,1.11829598584881,1.2371292623158,1.12580613668862,0.84979697372494,1.07461117614736,1.51750972762646
"189",-49.217158223211,69.9137508428848,-36.2043537651957,200.851853302171,1.04234851725476,1.23187979825294,0.882197649990056,0.909194810532861,1.06141690750651,1.18553060017343,1.14095303993154,1.05183521672998,1.51750972762646
"190",-27.4917074289792,38.7038603441371,16.9421065612981,-25.8148150301382,1.10442386319549,1.05764369775562,0.990339700509515,0.835314212735438,1.06427401896682,0.997398540196287,0.956317485751743,1.10981038615604,1.51750972762646
"191",-62.1029928739271,28.1559347404696,-41.9245851986997,200.851853302171,0.858708952180098,0.917032107880598,0.823664452742873,0.827135548772624,1.01713167987165,0.921249849253157,1.00602705803092,0.964872462590885,1.51750972762646
"192",-21.7780720020499,-19.9605598605342,4.92184762514965,-25.8148150301382,1.03200262626464,0.907861786801792,0.808965533254791,0.80041857982743,0.977132119427259,1.05115055733261,0.965785975709682,0.933814336112638,1.51750972762646
"193",-8.10420861926213,75.4046567589049,-17.6061133680899,125.296297239448,0.99579200779921,1.15240368223662,0.950180152622435,0.948179775422276,1.01284601268118,0.973508754802364,1.03443252790473,0.86134537433006,1.51750972762646
"194",13.7399096712464,60.2335978217858,-27.4321774650526,87.5185191360162,0.858708952180098,1.05153015036975,0.92681936986459,0.923643783533833,0.984274898078043,1.11236813240454,0.899506546004115,1.06839955085171,1.51750972762646
"195",-88.104238727212,-3.48784202859183,-37.4019313901534,163.074075198738,1.08114560846771,1.25939076148935,1.16278952378933,0.998887491991725,1.01856023560181,1.11386124399166,1.02496403794679,0.86755699962571,1.51750972762646
"196",6.68112930987717,33.6468406984307,-12.6571581741006,125.296297239448,1.60361310346886,1.22576625086707,1.19979930321468,1.25024509778222,1.04570279447479,0.985453647499325,1.14805440739999,1.1553623049908,1.51750972762646
"197",-19.4422125425346,71.2154096957671,-26.6340139681835,200.851853302171,1.01389731703192,1.31135591426925,1.17486363622597,0.915192497438925,1.01713167987165,1.04816433415837,0.932646260856898,0.956590295530019,1.51750972762646
"198",-40.8226857230981,7.92785615764421,-19.0600913738688,200.851853302171,1.01131084428439,1.12794949269314,1.08430779295118,1.2336151477245,1.20427248052219,1.2198721666772,1.17172563229483,1.11602201145169,1.51750972762646
"199",34.0689459928959,1.13529134680075,-13.8112866257933,87.5185191360162,0.959581389333784,1.16768755070129,1.13837881821091,1.03487361342811,0.962846562125691,1.05413678050685,1.04626814035215,1.00628329789521,1.51750972762646
"200",-3.20693906717654,59.7997115095311,-28.910457663594,238.629631261461,0.964754334828845,1.15546045592955,0.971966051149413,0.894473215399795,0.775705761475149,0.892880729097873,0.953950363262259,0.795088037843133,1.51750972762646
"201",-41.705799673103,59.3658252392173,-33.4977090563061,87.5185191360162,0.817325388219612,0.999564997589852,1.06330933653964,1.43971747958742,0.867133328205185,0.897360063859234,0.944481873304321,1.20091422382556,1.51750972762646
"202",-9.1799304284022,34.0807269687445,-5.19358260331536,11.962963073294,0.804393024481959,0.929259202652339,0.734683493698949,0.860940693152256,0.858561993824244,0.834649377200186,0.752744951656075,1.08496388497344,1.51750972762646
"203",-49.2609874623482,80.4616764046112,-40.4468421623979,200.851853302171,1.30616873750286,1.09738175576378,0.987189932047784,0.930186714704084,1.02570301425259,1.13625791779846,0.982355833136073,0.973154629651751,1.51750972762646
"204",-50.6535367969872,-3.92172829890561,-36.9286513343544,125.296297239448,1.26219870079484,1.0729275662203,1.25728257764129,1.18835987379692,1.03570290436369,1.04517811098413,1.15989001984741,1.02491817378216,1.51750972762646
"205",15.9915627333106,49.6856722181184,-6.69962116929418,87.5185191360162,1.29582284651274,0.776420518005573,0.987189932047784,1.05123094135374,1.22284370501423,1.20046171604463,0.970520220688651,0.977295713182184,1.51750972762646
"206",-12.0221851624914,39.5716329267057,-16.7392258452849,49.740741032584,0.907851934383176,0.813101802320797,0.908708201209632,0.92773311551524,0.888561664157537,0.889894505923633,0.956317485751743,0.946237586703936,1.51750972762646
"207",-11.6041656837778,70.3476371131985,-37.9969371752146,314.185187324183,0.817325388219612,0.947599844809951,1.05700979961617,0.905378100683548,1.01570312414149,1.21240660874159,0.766947686592982,0.828216706086596,1.51750972762646
"208",-16.5313701685531,16.7402365961746,3.51183407672092,125.296297239448,0.972513753071437,1.24410689302468,1.15675246757101,0.85548825051038,1.14998736277623,1.0795196774879,0.987090078115042,0.991789505538699,1.51750972762646
"209",-24.3917765101211,50.1195584884321,-8.65283226808235,-25.8148150301382,1.00613789878933,0.806988254934926,0.914482776722807,0.97707772142422,1.04570279447479,0.980974312737965,0.982355833136073,0.850992665503978,1.51750972762646
"210",-1.47695409285411,60.6674840920996,-3.8243971334524,125.296297239448,1.06562677198253,1.21659592978826,0.986402489932351,0.847582208679659,1.04141712728432,1.02278143717733,0.82849287131958,0.838569414912679,1.51750972762646
"211",-54.562854470401,70.3476371131985,-21.7535417961946,11.962963073294,0.838017170199855,0.831442444478409,0.854374695244758,0.822500972527029,0.937132558982868,1.00187787495765,1.00365993554143,0.998001130834349,1.51750972762646
"212",22.2901630067931,-30.0745991519469,26.6803005315384,49.740741032584,1.00096495329427,1.36637784074209,0.93653115595493,1.04250703312673,1.13284469401435,1.0944507933591,1.11254757005772,1.05183521672998,0.505836575875486
"213",60.1683784125277,-76.8894349000684,82.8745229045799,-176.925927155583,1.23633397331954,1.2716178562611,1.04598561000011,1.12592940554744,0.828562323490951,1.13327169462422,1.12675030499463,1.10566930262561,0.505836575875486
"214",-27.1188947707077,-34.2638462150847,8.32614131661942,-176.925927155583,1.11476975418561,1.05764369775562,1.05779724173161,1.04359752165511,1.18570125603015,1.2646655142908,1.01076130300989,1.10152821909517,0.505836575875486
"215",9.15780483425645,-20.394446130848,-0.758324410330462,87.5185191360162,1.3268605194831,0.923145655266468,0.99611427602269,1.09621359314922,1.11570202525247,0.939167188298599,1.02496403794679,1.00421275613,0.505836575875486
"216",29.3333772385709,22.6650288244495,10.4251243783248,-101.37037109286,0.928543716363419,1.07904111360617,0.86723624979683,0.777790942863644,1.07855957626839,0.919756737666037,1.20013110216865,0.964872462590885,0.505836575875486
"217",-7.41050397113374,-56.661356275302,-0.10591088347856,163.074075198738,1.23633397331954,1.55284103601115,0.99611427602269,1.15455472941729,1.16570147580796,1.10340946288182,1.09361059014185,0.983507338477833,0.505836575875486
"218",-47.4125662651101,44.628652572412,-32.6752652830775,125.296297239448,0.576783422699283,0.950656618502886,0.966191475636238,0.883023085851855,0.964275117855848,0.742076458798734,0.946848995793805,0.90275620963439,1.51750972762646
"219",24.9095655384541,-49.8687914644586,33.7062018631718,-290.259261321737,0.850949533937507,0.865066955100697,0.816577473703976,0.91055792119333,0.837133657871892,0.800307810696422,0.823758626340611,0.674996615460576,0.505836575875486
"220",27.7744420100115,-34.2638462150847,4.68535334324232,-25.8148150301382,0.988032589556619,0.975110808046369,1.0974318282084,0.960447771366497,1.09713080076043,1.26914484905216,0.84979697372494,0.942096503173503,0.505836575875486
"221",-36.3269900134536,-13.1679950496908,-22.2994527349363,-63.5925929894283,1.14580742715597,0.828385670785473,1.10478128795244,0.990436205896817,1.10427357941122,1.15716148001815,1.11728181503669,1.16571501381688,1.51750972762646
"222",-44.5036844840905,34.0807269687445,-30.7345068320162,163.074075198738,0.977686698566497,0.831442444478409,1.26883172866764,1.04277965525883,1.24284348523643,1.0869852354235,0.811923013893188,1.04976467496476,1.51750972762646
"223",4.66342526638627,-55.7935836927335,1.69013887532206,163.074075198738,1.08631855396277,1.05153015036975,1.10110655808042,1.33530320299549,1.25141481961737,1.12281991351438,0.987090078115042,1.09324605203431,0.505836575875486
"224",15.0202389989082,-55.3596974224197,32.0480700010843,-176.925927155583,0.605234622922117,0.663319891366966,0.712110153056537,0.689733994197343,0.909990000109889,0.839128711961547,0.890038056046177,0.803370204903999,0.505836575875486
"225",54.5492701780886,-25.0175795062406,19.8041428893218,-139.148149196293,0.672482914357908,0.513537980413135,0.856737021591057,0.856851361170849,0.835705102141735,0.773431802128258,1.12675030499463,0.869627541390926,0.505836575875486
"226",7.03856454281327,2.0030639293693,3.41649321047958,49.740741032584,0.956994916586254,0.690830854603384,0.831801354602347,0.93127720323246,0.979989230887573,0.895866952272114,0.899506546004115,0.933814336112638,0.505836575875486
"227",12.6730230034242,28.1559347404696,-31.7643961293361,49.740741032584,0.778528297006655,0.651092796595224,0.615779734268572,0.602767534059417,0.608564741046802,0.645024205635922,0.939747628325352,0.948308128469153,1.51750972762646
"228",-3.3804253510284,-46.1134306716345,15.6273233408828,-139.148149196293,0.99579200779921,0.929259202652339,0.935481233134353,1.05041307495746,1.04570279447479,1.11386124399166,1.04626814035215,0.98557788024305,0.505836575875486
"229",50.0300022087273,-62.463661521203,35.6110195935295,-252.481483218305,1.13804800891338,0.953713392195822,1.01081319551077,0.919009207288238,0.921418445951143,0.842114935135787,1.13621879495257,1.25060722619076,0.505836575875486
"230",49.9514809997578,-71.3985289421073,60.7535302754709,-214.703705259015,0.840603642947385,0.923145655266468,0.813427705242244,0.90483285641936,0.791419874506874,0.70474866912073,1.15278865237896,1.10566930262561,0.505836575875486
"231",12.2622737082371,17.6080091368021,-1.40498325584079,238.629631261461,0.972513753071437,1.04235982929095,0.914745257427952,0.978168209952595,0.967132229316161,0.715200450230571,0.942114750814836,0.799229121373566,0.505836575875486
"232",60.357603476283,-55.7935836927335,42.0051710474468,-63.5925929894283,1.21046924584423,0.898691465722986,1.04021103448694,0.811596087243276,0.878561774046439,1.01083654448037,1.19066261221071,1.06839955085171,0.505836575875486
"233",-18.458287789724,53.4410330109424,-60.3882331020713,49.740741032584,0.920784298120828,0.849783086636021,0.795054055882142,0.795238759317648,0.999989011109768,0.892880729097873,0.845062728745971,0.993860047303916,1.51750972762646
"234",53.1199257666947,-35.1316187976533,75.5967961743102,-176.925927155583,0.959581389333784,1.03624628190508,0.888759667618664,0.843765498830346,0.857133438094087,0.830170042438826,1.22143520457401,1.08703442673866,0.505836575875486
"235",22.8126925354992,2.43695019968308,5.4575484652439,11.962963073294,1.20012335485411,0.831442444478409,0.897684011593571,0.84403812096244,0.769991538554521,0.645024205635922,0.9018736684936,1.00628329789521,0.505836575875486
"236",-30.1479076124638,6.1923109925071,51.9162670778232,11.962963073294,0.615580513912239,0.813101802320797,0.945193019224693,0.822500972527029,1.04141712728432,0.910798068143316,1.27351189934267,1.03112979907781,0.505836575875486
"237",49.4234836344659,-34.6977325273395,49.9031953977924,-214.703705259015,0.905265461635646,1.21353915609532,1.06934639275796,1.18781462953274,0.854276326633773,1.09146457018486,1.16699138731587,0.886191875512658,0.505836575875486
"238",46.3306826785943,7.49396984538943,27.3934068127209,-290.259261321737,0.946649025596132,0.917032107880598,0.784029866266081,0.851126296396879,0.91856133449083,0.839128711961547,0.991824323094011,1.15122122146037,0.505836575875486
"239",-43.8265573640366,11.6832169085272,-5.81220294921493,49.740741032584,0.902678988888115,0.94148629742408,1.00923831127991,1.15891668353079,1.06713113042714,1.02427454876445,1.16935850980535,0.94416704493872,0.505836575875486
"240",2.59231767700565,-14.4696539025731,-12.177523049914,87.5185191360162,0.731971787551108,0.822272123399603,0.834163680948646,0.822500972527029,1.0057032340304,0.886908282749393,0.97525446566762,0.900685667869174,1.51750972762646
"241",25.8597509761598,-39.7547521730459,-2.86037940206105,49.740741032584,0.755250042278881,0.819215349706667,1.15307773769899,1.18018120983411,1.20141536906188,1.13327169462422,0.989457200604527,1.03941196613868,0.505836575875486
"242",50.6973699791984,-76.8894349000684,87.9247122587949,-214.703705259015,0.822498333714672,0.534935396263682,0.736520858634959,0.789786316675771,0.85570488236393,0.904825621794835,0.82849287131958,0.898615126103957,0.505836575875486
"243",39.654290891667,-44.8117718187522,74.9444397142528,-63.5925929894283,1.17684510012634,1.17380109808717,1.02236234653712,1.14174148920888,0.965703673586005,0.86899094370395,0.998925690562465,1.00835383966043,0.505836575875486
"244",30.7094229978908,-45.6795444013208,28.4788170905015,-214.703705259015,0.977686698566497,1.16768755070129,0.777467848637473,0.875934910417416,0.955703783474907,0.861525385768349,1.53862961816493,0.975225171416967,0.505836575875486
"245",-68.9919217414419,28.5898210527244,-27.4487562103129,125.296297239448,1.2415069188146,1.23799334563881,1.13312920410802,1.16791321388989,0.914275667300359,1.02875388352581,1.1007119576103,1.25474830972119,1.51750972762646
"246",27.1206048577638,-49.4349051941448,9.59213717058156,-101.37037109286,1.10442386319549,0.819215349706667,0.923407120697714,0.966990702536749,0.89141877561785,1.00337098654477,0.994191445583496,0.956590295530019,0.505836575875486
"247",31.7226923488825,-18.2250146953971,22.4432127873603,-176.925927155583,0.750077096783821,0.681660533524578,0.895059204542128,0.97707772142422,0.975703563697102,0.961563862105402,1.0083941805204,1.06425846732128,0.505836575875486
"248",40.9646046013854,-29.2068265693784,10.2318314957585,-25.8148150301382,1.2751310645325,1.00262177128279,1.02656203781943,1.11993171864138,0.98998912099867,0.860032274181229,0.984722955625558,1.04148250790389,1.51750972762646
"249",38.1301596484301,-24.5836931939858,8.08816104139315,-139.148149196293,0.636272295892482,0.690830854603384,0.792691729535843,0.73962384437051,0.88284744123691,0.815238926567624,0.856898341193394,0.969013546121318,1.51750972762646
"250",41.5584950787814,-40.1886384433596,11.0036563720694,-176.925927155583,1.09149149945784,1.38166170920677,0.898733934414148,0.868846734982977,0.942846781903496,0.892880729097873,0.920810648409476,0.857204290799627,0.505836575875486
"251",35.485798383713,23.532801365077,38.3566178591818,11.962963073294,0.783701242501716,0.782534065391443,0.994801872496969,0.95417746232834,0.972846452236789,0.883922059575152,1.00365993554143,0.950378670234369,0.505836575875486
"252",37.5591820924471,23.0989150947633,55.4608313708282,-25.8148150301382,0.866468370422689,0.898691465722986,0.851487407488171,0.906468589211923,1.22427226074439,1.1093819092303,1.0083941805204,1.12637472027777,1.51750972762646
"253",17.0360943442211,-45.6795444013208,67.5803799506046,49.740741032584,0.775941824259125,0.672490212445772,0.726021630429186,0.727355848426289,0.808562543268755,0.937674076711479,1.01312842549937,0.946237586703936,0.505836575875486
"254",35.4579521134196,-56.2274700049882,70.7681167846203,-139.148149196293,1.13287506341832,0.910918560494727,0.873535786720293,0.88411357438023,1.03427434863353,0.94066029988572,0.982355833136073,0.93795541964307,0.505836575875486
"255",22.1042663400906,-61.2844896506946,-7.22518091107424,-63.5925929894283,0.675069387105439,0.917032107880598,0.954117363199599,0.978713454216783,0.772848650014835,0.680858883726806,0.994191445583496,0.879980250217009,0.505836575875486
"256",28.6743523286984,-45.245658089066,4.22953553530781,49.740741032584,1.27771753728003,1.16768755070129,0.956742170251043,1.00161371331266,1.13713036120482,0.955591415756921,1.1007119576103,1.18227934793862,0.505836575875486
"257",-3.48400801415544,-14.0357676322593,-31.202021535136,49.740741032584,0.990619062304149,0.868123728793633,1.11711788109422,1.2420664338194,0.987132009538357,1.05264366891973,1.07230648773648,1.13465688733864,0.505836575875486
"258",-14.1555270534156,17.6080091368021,1.08467135458867,49.740741032584,1.36824408344359,1.21048238240239,1.0370612660252,0.99425291574613,1.23570070658564,1.12132680192726,0.94921611828329,1.25474830972119,1.51750972762646
"259",34.1453859427918,-40.6225247556144,-15.9072515731435,-101.37037109286,1.38893586542383,0.972054034353434,1.37854866341796,1.40836593439663,1.34998516499819,1.39904555713162,1.05573663031009,1.28373589443422,0.505836575875486
"260",30.8864172496046,-35.1316187976533,17.2752329795414,-25.8148150301382,1.02165673527451,0.917032107880598,0.936268675249786,0.975714610763751,1.11284491379216,1.12132680192726,0.968153098199166,0.940025961408287,0.505836575875486
